{
  "timestamp": "2026-03-07T18:31:48",
  "model_path": "C:\\Users\\domvo\\Documents\\GitHub\\FER-Application\\models\\best_model.keras",
  "data_dir": "dataset_reduced",
  "classes": [
    "angry",
    "fear",
    "happy",
    "sad",
    "surprise"
  ],
  "num_samples": 12179,
  "metrics": {
    "accuracy": 0.7953033910830117,
    "precision_macro": 0.7814406969871814,
    "recall_macro": 0.7839875054765668,
    "f1_macro": 0.7810744160299883,
    "precision_weighted": 0.8005906404424707,
    "recall_weighted": 0.7953033910830117,
    "f1_weighted": 0.7963472494691581
  }
}